"cell_id","cell_lon","cell_lat","year","month","ym","xco2_mean_oco2_oco3","xco2_mean_gosat2","n_obs_oco2_oco3","n_obs_gosat2","diff_ppm","media_ppm","season"
"-44.5_-6.5",-44.5,-6.5,2021,8,"2021-08",413.86353762515,415.904663085938,222,3,2.04112546078795,414.884100355544,"seca"
"-45.5_-3.5",-45.5,-3.5,2020,7,"2020-07",412.590848650251,414.622202555339,28,3,2.03135390508743,413.606525602795,"seca"
"-45.5_-4.5",-45.5,-4.5,2022,7,"2022-07",417.305900396303,417.637868245443,43,3,0.331967849140028,417.471884320873,"seca"
"-45.5_-6.5",-45.5,-6.5,2024,8,"2024-08",421.877829758819,424.326293945312,419,3,2.44846418649314,423.102061852066,"seca"
"-45.5_-7.5",-45.5,-7.5,2024,8,"2024-08",422.279111166136,426.450866699219,211,3,4.17175553308277,424.364988932677,"seca"
"-46.5_-4.5",-46.5,-4.5,2019,8,"2019-08",409.260774230957,412.773284912109,20,6,3.51251068115232,411.017029571533,"seca"
"-46.5_-4.5",-46.5,-4.5,2021,7,"2021-07",414.711426412648,417.00239054362,145,3,2.29096413097164,415.856908478134,"seca"
"-46.5_-4.5",-46.5,-4.5,2021,8,"2021-08",412.993651362828,415.306986490885,280,3,2.31333512805759,414.150318926857,"seca"
"-46.5_-7.5",-46.5,-7.5,2019,6,"2019-06",410.361032909817,412.359130859375,288,3,1.99809794955786,411.360081884596,"seca"
"-46.5_-7.5",-46.5,-7.5,2019,7,"2019-07",409.863506391612,412.583129882812,461,3,2.71962349120037,411.223318137212,"seca"
"-46.5_-7.5",-46.5,-7.5,2019,8,"2019-08",408.725142785736,412.11994934082,401,4,3.39480655508447,410.422546063278,"seca"
"-46.5_-7.5",-46.5,-7.5,2019,9,"2019-09",410.733047485352,411.335489908854,16,3,0.602442423502623,411.034268697103,"seca"
"-46.5_-7.5",-46.5,-7.5,2024,6,"2024-06",423.487901167436,424.461680094401,11,3,0.973778926964997,423.974790630919,"seca"
"-46.5_-8.5",-46.5,-8.5,2019,7,"2019-07",409.355853469283,413.674275716146,432,6,4.31842224686233,411.515064592715,"seca"
"-46.5_-8.5",-46.5,-8.5,2024,8,"2024-08",422.049265801152,425.756184895833,79,3,3.70691909468121,423.902725348493,"seca"
"-47.5_-11.5",-47.5,-11.5,2024,8,"2024-08",421.843699257755,423.849131266276,338,3,2.00543200852132,422.846415262015,"seca"
"-47.5_-5.5",-47.5,-5.5,2020,8,"2020-08",411.01112389943,413.982096354167,63,3,2.97097245473714,412.496610126798,"seca"
"-47.5_-5.5",-47.5,-5.5,2023,7,"2023-07",419.217529296875,420.553487141927,3,3,1.33595784505206,419.885508219401,"seca"
"-47.5_-5.5",-47.5,-5.5,2023,9,"2023-09",418.166648569687,419.231953938802,181,3,1.06530536911544,418.699301254244,"seca"
"-47.5_-5.5",-47.5,-5.5,2024,8,"2024-08",423.167758503366,426.026824951172,235,5,2.85906644780584,424.597291727269,"seca"
"-47.5_-7.5",-47.5,-7.5,2019,5,"2019-05",408.760607449514,414.703440348307,106,3,5.94283289879377,411.73202389891,"seca"
"-47.5_-7.5",-47.5,-7.5,2019,7,"2019-07",409.71547463157,412.848718261719,55,5,3.1332436301492,411.282096446644,"seca"
"-47.5_-7.5",-47.5,-7.5,2019,8,"2019-08",409.029064552457,411.411310831706,204,6,2.38224627924905,410.220187692081,"seca"
"-47.5_-8.5",-47.5,-8.5,2020,6,"2020-06",411.196650395898,414.143839518229,463,3,2.94718912233117,412.670244957064,"seca"
"-47.5_-8.5",-47.5,-8.5,2022,7,"2022-07",416.857145267063,419.878143310547,720,3,3.02099804348416,418.367644288805,"seca"
"-47.5_-9.5",-47.5,-9.5,2019,6,"2019-06",409.444780906041,414.596057128906,384,5,5.15127622286479,412.020419017474,"seca"
"-47.5_-9.5",-47.5,-9.5,2019,8,"2019-08",409.605957775581,413.778971354167,82,6,4.17301357858554,411.692464564874,"seca"
"-48.5_-10.5",-48.5,-10.5,2023,9,"2023-09",418.955317591762,419.274342854818,111,3,0.319025263056005,419.11483022329,"seca"
"-48.5_-12.5",-48.5,-12.5,2019,5,"2019-05",408.128230264742,413.590560913086,146,4,5.46233064834388,410.859395588914,"seca"
"-48.5_-12.5",-48.5,-12.5,2019,9,"2019-09",409.763191223145,413.679840087891,196,4,3.91664886474609,411.721515655518,"seca"
"-48.5_-7.5",-48.5,-7.5,2024,6,"2024-06",423.017181396484,424.57236735026,12,3,1.55518595377606,423.794774373372,"seca"
"-48.5_-7.5",-48.5,-7.5,2024,8,"2024-08",422.334537564195,425.80723063151,394,3,3.47269306731511,424.070884097853,"seca"
"-48.5_-9.5",-48.5,-9.5,2024,7,"2024-07",422.594477399995,429.295572916667,158,3,6.70109551667161,425.945025158331,"seca"
"-48.5_-9.5",-48.5,-9.5,2024,8,"2024-08",422.60563659668,431.074440002441,150,4,8.46880340576172,426.840038299561,"seca"
"-49.5_-11.5",-49.5,-11.5,2021,7,"2021-07",414.365753310678,415.918121337891,223,3,1.55236802721237,415.141937324284,"seca"
"-49.5_-11.5",-49.5,-11.5,2024,8,"2024-08",421.450967962092,427.021789550781,44,3,5.57082158868963,424.236378756436,"seca"
"-49.5_-12.5",-49.5,-12.5,2021,7,"2021-07",414.433144391593,416.910166422526,472,3,2.4770220309328,415.67165540706,"seca"
"-49.5_-3.5",-49.5,-3.5,2024,7,"2024-07",423.397665262222,427.250620524089,128,3,3.85295526186627,425.324142893155,"seca"
"-49.5_-6.5",-49.5,-6.5,2019,7,"2019-07",411.234156494141,413.428741455078,25,5,2.1945849609375,412.331448974609,"seca"
"-49.5_-6.5",-49.5,-6.5,2019,8,"2019-08",409.393411796784,413.974731445312,321,3,4.58131964852879,411.684071621048,"seca"
"-49.5_-6.5",-49.5,-6.5,2024,7,"2024-07",422.360956678829,426.248677571615,239,3,3.88772089278513,424.304817125222,"seca"
"-49.5_-7.5",-49.5,-7.5,2024,7,"2024-07",422.54044144603,427.635650634766,313,4,5.09520918873551,425.088046040398,"seca"
"-49.5_-7.5",-49.5,-7.5,2024,8,"2024-08",422.813288778528,427.600067138672,711,4,4.78677836014418,425.2066779586,"seca"
"-50.5_-4.5",-50.5,-4.5,2024,8,"2024-08",422.86686644683,426.068979899089,296,3,3.2021134522584,424.467923172959,"seca"
"-50.5_-7.5",-50.5,-7.5,2024,8,"2024-08",424.616523742676,427.104583740234,4,3,2.48805999755859,425.860553741455,"seca"
"-50.5_-9.5",-50.5,-9.5,2019,7,"2019-07",410.095500105518,414.0603515625,236,5,3.96485145698159,412.077925834009,"seca"
"-50.5_-9.5",-50.5,-9.5,2019,8,"2019-08",410.221326828003,413.639638264974,32,3,3.41831143697101,411.930482546488,"seca"
"-50.5_-9.5",-50.5,-9.5,2024,8,"2024-08",423.117463462373,425.947255452474,234,3,2.82979199010083,424.532359457424,"seca"
"-50.5_0.5",-50.5,0.5,2020,9,"2020-09",412.267196655273,412.818196614583,10,3,0.550999959309877,412.542696634928,"seca"
"-51.5_-10.5",-51.5,-10.5,2023,8,"2023-08",419.998619227256,424.001637776693,155,3,4.00301854943717,422.000128501974,"seca"
"-51.5_-11.5",-51.5,-11.5,2024,9,"2024-09",422.648185111381,427.120747884115,222,3,4.47256277273362,424.884466497748,"seca"
"-51.5_-13.5",-51.5,-13.5,2024,7,"2024-07",422.338844014991,424.869791666667,644,3,2.53094765167555,423.604317840829,"seca"
"-51.5_-5.5",-51.5,-5.5,2022,7,"2022-07",417.43054300944,419.620768229167,30,3,2.19022521972659,418.525655619303,"seca"
"-51.5_-5.5",-51.5,-5.5,2024,7,"2024-07",422.97030603533,426.331410725911,169,3,3.36110469058184,424.650858380621,"seca"
"-51.5_-7.5",-51.5,-7.5,2024,7,"2024-07",422.369740238896,425.843170166016,54,3,3.47342992711953,424.106455202456,"seca"
"-51.5_-8.5",-51.5,-8.5,2021,7,"2021-07",416.043548018844,416.840209960938,54,3,0.796661942093465,416.441878989891,"seca"
"-52.5_-10.5",-52.5,-10.5,2023,6,"2023-06",418.851548668292,420.973337809245,139,3,2.1217891409529,419.912443238768,"seca"
"-52.5_-13.5",-52.5,-13.5,2024,8,"2024-08",422.406148323646,422.975616455078,208,3,0.569468131432188,422.690882389362,"seca"
"-52.5_-5.5",-52.5,-5.5,2024,7,"2024-07",423.006783621652,427.323872884115,14,3,4.31708926246279,425.165328252883,"seca"
"-52.5_-7.5",-52.5,-7.5,2024,7,"2024-07",422.249163265886,425.305257161458,696,3,3.05609389557236,423.777210213672,"seca"
"-52.5_-8.5",-52.5,-8.5,2019,7,"2019-07",411.35441852438,412.987299601237,29,6,1.63288107685662,412.170859062809,"seca"
"-52.5_-8.5",-52.5,-8.5,2024,8,"2024-08",423.429831368583,428.044769287109,7,3,4.61493791852678,425.737300327846,"seca"
"-53.5_-7.5",-53.5,-7.5,2021,7,"2021-07",413.88227335612,419.844932556152,54,4,5.96265920003253,416.863602956136,"seca"
"-53.5_-7.5",-53.5,-7.5,2021,8,"2021-08",412.927767555186,420.259928385417,149,3,7.33216083023109,416.593847970301,"seca"
"-54.5_-14.5",-54.5,-14.5,2024,8,"2024-08",421.082258197623,428.982045491536,71,3,7.89978729391322,425.03215184458,"seca"
"-54.5_-2.5",-54.5,-2.5,2024,7,"2024-07",423.700456689905,427.315505981445,108,4,3.61504929154006,425.507981335675,"seca"
"-54.5_-4.5",-54.5,-4.5,2024,7,"2024-07",423.088810588038,428.843912760417,344,3,5.75510217237843,425.966361674227,"seca"
"-54.5_-7.5",-54.5,-7.5,2024,8,"2024-08",422.547959391276,425.599039713542,45,3,3.05108032226565,424.073499552409,"seca"
"-54.5_-9.5",-54.5,-9.5,2024,8,"2024-08",424.446622495298,424.810447692871,27,4,0.363825197573078,424.628535094085,"seca"
"-55.5_-11.5",-55.5,-11.5,2024,7,"2024-07",422.856326180917,426.714111328125,135,3,3.85778514720778,424.785218754521,"seca"
"-55.5_-13.5",-55.5,-13.5,2020,8,"2020-08",411.772331342305,417.214019775391,657,3,5.4416884330854,414.493175558848,"seca"
"-55.5_-13.5",-55.5,-13.5,2024,7,"2024-07",422.732390280331,426.499473571777,255,4,3.76708329144645,424.615931926054,"seca"
"-55.5_-8.5",-55.5,-8.5,2024,8,"2024-08",423.124613585295,427.816904703776,216,3,4.69229111848057,425.470759144536,"seca"
"-56.5_-10.5",-56.5,-10.5,2024,8,"2024-08",422.022074685168,426.376322428385,134,3,4.35424774321751,424.199198556777,"seca"
"-56.5_-11.5",-56.5,-11.5,2019,8,"2019-08",409.639837588904,417.527669270833,106,3,7.8878316819293,413.583753429869,"seca"
"-56.5_-13.5",-56.5,-13.5,2024,7,"2024-07",423.401887646611,428.653584798177,386,3,5.25169715156619,426.027736222394,"seca"
"-56.5_-2.5",-56.5,-2.5,2019,8,"2019-08",409.672115672718,411.002400716146,44,3,1.33028504342741,410.337258194432,"seca"
"-56.5_-8.5",-56.5,-8.5,2023,7,"2023-07",419.224333792022,424.166168212891,99,3,4.94183442086887,421.695251002456,"seca"
"-57.5_-10.5",-57.5,-10.5,2024,8,"2024-08",423.28091052347,428.665283203125,363,4,5.3843726796552,425.973096863297,"seca"
"-57.5_-11.5",-57.5,-11.5,2024,7,"2024-07",422.303862571716,427.416381835938,96,3,5.11251926422119,424.860122203827,"seca"
"-57.5_-9.5",-57.5,-9.5,2024,7,"2024-07",422.838940992423,429.397247314453,282,3,6.55830632203015,426.118094153438,"seca"
"-57.5_-9.5",-57.5,-9.5,2024,8,"2024-08",423.525270462036,428.580551147461,80,4,5.0552806854248,426.052910804749,"seca"
"-58.5_-10.5",-58.5,-10.5,2019,6,"2019-06",411.224148090069,415.518562316895,26,4,4.29441422682544,413.371355203482,"seca"
"-58.5_-10.5",-58.5,-10.5,2019,7,"2019-07",410.444055360736,414.416625976562,165,3,3.97257061582621,412.430340668649,"seca"
"-58.5_-7.5",-58.5,-7.5,2021,7,"2021-07",415.005887107704,420.498580932617,526,4,5.49269382491309,417.752234020161,"seca"
"-58.5_-7.5",-58.5,-7.5,2024,6,"2024-06",422.440880137042,429.331726074219,121,3,6.89084593717718,425.88630310563,"seca"
"-58.5_-7.5",-58.5,-7.5,2024,7,"2024-07",422.691230426205,428.494610595703,373,5,5.80338016949776,425.592920510954,"seca"
"-58.5_-9.5",-58.5,-9.5,2024,7,"2024-07",422.845362033484,428.327056884766,424,3,5.48169485128153,425.586209459125,"seca"
"-59.5_-10.5",-59.5,-10.5,2024,7,"2024-07",422.549922016569,426.141082763672,457,4,3.59116074710238,424.345502390121,"seca"
"-59.5_-11.5",-59.5,-11.5,2021,8,"2021-08",414.709780989022,419.237945556641,145,3,4.52816456761855,416.973863272831,"seca"
"-59.5_-13.5",-59.5,-13.5,2019,5,"2019-05",408.327917630555,414.717885335286,122,3,6.38996770473125,411.522901482921,"seca"
"-59.5_-13.5",-59.5,-13.5,2019,7,"2019-07",409.453125,415.636016845703,8,3,6.18289184570312,412.544570922852,"seca"
"-59.5_-14.5",-59.5,-14.5,2019,6,"2019-06",409.909591674805,413.398783365885,4,3,3.48919169108075,411.654187520345,"seca"
"-59.5_-4.5",-59.5,-4.5,2020,8,"2020-08",412.007735925562,411.903137207031,544,5,-0.104598718531008,411.955436566297,"seca"
"-59.5_-4.5",-59.5,-4.5,2024,7,"2024-07",423.448377487507,425.282185872396,376,3,1.83380838488853,424.365281679952,"seca"
"-59.5_-5.5",-59.5,-5.5,2020,8,"2020-08",411.674575175136,413.510162353516,121,3,1.83558717838002,412.592368764326,"seca"
"-59.5_-7.5",-59.5,-7.5,2024,7,"2024-07",423.318975830078,427.986185709635,45,3,4.66720987955733,425.652580769857,"seca"
"-59.5_-8.5",-59.5,-8.5,2021,7,"2021-07",414.431877322313,420.353988647461,41,4,5.92211132514768,417.392932984887,"seca"
"-59.5_-8.5",-59.5,-8.5,2024,7,"2024-07",422.579613262073,429.497965494792,331,3,6.91835223271892,426.038789378432,"seca"
"-60.5_-11.5",-60.5,-11.5,2021,7,"2021-07",414.362360428791,419.79286702474,490,3,5.43050659594888,417.077613726765,"seca"
"-60.5_-13.5",-60.5,-13.5,2024,7,"2024-07",422.210038034539,430.248107910156,342,3,8.03806987561677,426.229072972348,"seca"
"-60.5_-7.5",-60.5,-7.5,2022,6,"2022-06",421.399118221507,418.665547688802,85,3,-2.7335705327053,420.032332955155,"seca"
"-60.5_-8.5",-60.5,-8.5,2023,7,"2023-07",419.423895354318,423.653096516927,202,3,4.22920116260894,421.538495935623,"seca"
"-60.5_-8.5",-60.5,-8.5,2024,7,"2024-07",422.551628599776,427.045878092448,188,3,4.49424949267234,424.798753346112,"seca"
"-61.5_-11.5",-61.5,-11.5,2024,7,"2024-07",422.136030193682,427.428649902344,551,4,5.29261970866179,424.782340048013,"seca"
"-61.5_-3.5",-61.5,-3.5,2023,9,"2023-09",418.535179985894,422.457539876302,9,3,3.92235989040796,420.496359931098,"seca"
"-61.5_-3.5",-61.5,-3.5,2024,7,"2024-07",423.731959025065,428.702301025391,6,3,4.9703420003255,426.217130025228,"seca"
"-61.5_-9.5",-61.5,-9.5,2021,8,"2021-08",415.763268512228,419.211710611979,46,3,3.44844209975093,417.487489562104,"seca"
"-61.5_-9.5",-61.5,-9.5,2024,7,"2024-07",421.857244676159,428.30234375,31,5,6.44509907384071,425.07979421308,"seca"
"-62.5_-7.5",-62.5,-7.5,2020,7,"2020-07",412.342297953944,415.243804931641,31,3,2.90150697769656,413.793051442792,"seca"
"-62.5_-7.5",-62.5,-7.5,2020,9,"2020-09",411.683817545573,413.300231933594,3,3,1.61641438802081,412.492024739583,"seca"
"-62.5_-9.5",-62.5,-9.5,2024,7,"2024-07",423.644249919938,421.830673217773,247,4,-1.81357670216426,422.737461568856,"seca"
"-63.5_-10.5",-63.5,-10.5,2024,7,"2024-07",423.344013224857,428.053975423177,355,3,4.70996219832011,425.698994324017,"seca"
"-63.5_-11.5",-63.5,-11.5,2024,7,"2024-07",421.872121740271,430.165018717448,54,3,8.29289697717741,426.018570228859,"seca"
"-63.5_-8.5",-63.5,-8.5,2021,5,"2021-05",413.14019938151,418.534693400065,450,6,5.39449401855472,415.837446390788,"seca"
"-63.5_-8.5",-63.5,-8.5,2021,6,"2021-06",414.533202959144,420.011776394314,184,9,5.47857343517063,417.272489676729,"seca"
"-63.5_-8.5",-63.5,-8.5,2021,7,"2021-07",415.253926663324,419.868872209029,894,44,4.6149455457047,417.561399436176,"seca"
"-63.5_-8.5",-63.5,-8.5,2021,8,"2021-08",412.657105848524,418.652645534939,45,9,5.99553968641493,415.654875691732,"seca"
"-63.5_-8.5",-63.5,-8.5,2022,5,"2022-05",415.876788330078,420.713272094727,20,6,4.83648376464845,418.295030212402,"seca"
"-63.5_-8.5",-63.5,-8.5,2022,7,"2022-07",416.208666564113,421.362962995257,884,14,5.15429643114379,418.785814779685,"seca"
"-63.5_-8.5",-63.5,-8.5,2022,8,"2022-08",416.196303256722,421.326279251664,86,27,5.12997599494139,418.761291254193,"seca"
"-63.5_-8.5",-63.5,-8.5,2022,9,"2022-09",415.968729355756,420.132911682129,34,24,4.16418232637295,418.050820518942,"seca"
"-63.5_-8.5",-63.5,-8.5,2022,11,"2022-11",416.007973807199,422.079016113281,497,5,6.07104230608257,419.04349496024,"chuvosa"
"-63.5_-8.5",-63.5,-8.5,2023,6,"2023-06",420.1525942427,423.642974853516,884,3,3.49038061081552,421.897784548108,"seca"
"-63.5_-8.5",-63.5,-8.5,2023,7,"2023-07",418.871921677187,422.874663035075,1992,24,4.0027413578876,420.873292356131,"seca"
"-63.5_-8.5",-63.5,-8.5,2024,6,"2024-06",422.402435980903,427.903035481771,90,18,5.50059950086802,425.152735731337,"seca"
"-63.5_-8.5",-63.5,-8.5,2024,7,"2024-07",422.301639653178,427.434152832031,1030,50,5.13251317885317,424.867896242605,"seca"
"-64.5_-10.5",-64.5,-10.5,2024,8,"2024-08",419.760272216797,426.156483968099,10,3,6.39621175130208,422.958378092448,"seca"
"-64.5_-11.5",-64.5,-11.5,2024,7,"2024-07",423.303058042845,425.967559814453,269,3,2.66450177160783,424.635308928649,"seca"
"-64.5_-8.5",-64.5,-8.5,2021,7,"2021-07",415.265203857422,421.24946812221,5,7,5.98426426478795,418.257335989816,"seca"
"-64.5_-8.5",-64.5,-8.5,2022,8,"2022-08",415.97110748291,423.545934041341,12,6,7.57482655843097,419.758520762126,"seca"
"-64.5_-8.5",-64.5,-8.5,2023,7,"2023-07",419.187643971817,424.910949707031,549,5,5.72330573521458,422.049296839424,"seca"
"-64.5_-8.5",-64.5,-8.5,2024,7,"2024-07",422.52954316475,428.908891950335,71,7,6.37934878558457,425.719217557542,"seca"
"-65.5_-9.5",-65.5,-9.5,2023,7,"2023-07",419.214016063793,423.441202799479,148,3,4.2271867356859,421.327609431636,"seca"
"-66.5_-7.5",-66.5,-7.5,2020,8,"2020-08",411.984542410714,416.312520345052,35,3,4.32797793433775,414.148531377883,"seca"
"-66.5_-9.5",-66.5,-9.5,2024,7,"2024-07",422.359199107777,426.875081380208,110,3,4.51588227243133,424.617140243993,"seca"
"-67.5_-8.5",-67.5,-8.5,2023,7,"2023-07",420.240741151752,424.795084635417,33,3,4.55434348366481,422.517912893584,"seca"
"-68.5_-10.5",-68.5,-10.5,2024,7,"2024-07",420.61871773856,427.18852742513,126,3,6.5698096865699,423.903622581845,"seca"
"-70.5_-7.5",-70.5,-7.5,2021,7,"2021-07",413.457998487684,420.611145019531,36,5,7.1531465318468,417.034571753608,"seca"
